Target Group,Product Type,Description,How to Use,Budget,Recommended Product & Link
Male,Pomade,A styling product that provides a medium to strong hold with a shiny or matte finish.,"Apply a small amount to damp or dry hair, then style as desired.",Under $25,[Suavecito Pomade](https://www.amazon.com/dp/B01M5E4J0K)
Male,Volumizing Shampoo,A shampoo designed to add body and lift to thin or fine hair.,"Massage into wet hair and scalp, lather, then rinse thoroughly.",$25-$50,[Redken Volume Injection Shampoo](https://www.amazon.com/dp/B07NC8BG2V)
Male,Hair Gel,A styling gel that provides a firm hold for structured hairstyles.,"Apply to damp hair, style as desired, and let dry.",Under $25,[Garnier Fructis Pure Clean Styling Gel](https://www.amazon.com/dp/B01BUBM33G)
Female,Color Protection Shampoo,A sulfate-free shampoo that protects and enhances hair color vibrancy.,"Massage into wet hair, lather, and rinse. Use with a matching conditioner.",$25-$50,[Pureology Hydrate Shampoo](https://www.amazon.com/dp/B001ET72EG)
Female,Smoothing Serum,A lightweight serum that smooths frizz and adds shine.,"Apply a few drops to damp or dry hair, focusing on the ends.",$25-$50,[Paul Mitchell Super Skinny Serum](https://www.amazon.com/dp/B000FZDILQ)
Female,Curl Enhancing Cream,A cream that defines and enhances natural curls without crunchiness.,"Work a small amount into damp hair, scrunch, and air dry or diffuse.",$25-$50,[DevaCurl SuperCream Coconut Curl Styler](https://www.amazon.com/dp/B0149OQMLM)
Kids,Tear-Free Shampoo,A gentle shampoo designed for sensitive scalps and tear-free washing.,"Apply a small amount to wet hair, lather, and rinse.",Under $25,[Johnson's Baby Shampoo](https://www.amazon.com/dp/B001KYT6RI)
Kids,Detangling Spray,A spray that helps detangle hair while adding moisture.,Spray onto damp or dry hair and gently comb through.,Under $25,[Honest Conditioning Detangler](https://www.amazon.com/dp/B01IW02Q42)
Kids,Light Hold Gel,A light-hold styling gel that keeps hair in place without stiffness.,"Apply a small amount to damp hair, style as needed, and let dry.",Under $25,[SheaMoisture Kids Extra Moisture Detangler](https://www.amazon.com/dp/B00MXCH8D6)
